InvoiceLineId,InvoiceId,TrackId,UnitPrice,Quantity
1,1,2,1.25,15
1154,214,2,1.25,4
2,1,4,1.25,1
3,2,6,0.75,2
4,2,8,1.25,18
1155,214,8,1.25,5
5,2,10,1.25,14
6,2,12,0.75,4
7,3,16,0.99,1
8,3,20,0.75,14
1157,214,20,0.75,9
9,3,24,0.75,7
10,3,28,1.25,7
11,3,32,0.99,3
1159,214,32,0.99,15
12,3,36,0.99,13
13,4,42,0.75,12
14,4,48,0.99,8
1734,320,48,0.99,6
15,4,54,1.25,14
16,4,60,1.25,9
17,4,66,0.99,12
1736,320,66,0.99,1
18,4,72,0.75,13
19,4,78,1.25,12
20,4,84,0.99,5
1738,320,84,0.99,18
21,4,90,0.75,8
22,5,99,0.99,8
23,5,108,0.99,14
24,5,117,0.99,5
25,5,126,0.99,17
26,5,135,0.99,19
27,5,144,0.75,1
28,5,153,0.99,14
29,5,162,0.75,11
1747,322,162,0.75,19
30,5,171,0.75,18
1752,324,171,0.75,1
31,5,180,1.25,8
32,5,189,0.75,11
33,5,198,0.75,1
1184,219,198,0.75,5
34,5,207,0.99,13
606,111,207,0.99,14
35,5,216,1.25,2
36,6,230,0.99,10
37,7,231,0.75,19
38,7,232,0.99,2
39,8,234,0.75,3
1192,221,234,0.75,7
40,8,236,0.99,13
41,9,238,1.25,8
42,9,240,0.99,3
1193,221,240,0.99,9
43,9,242,0.99,11
44,9,244,0.75,1
45,10,248,0.99,10
46,10,252,0.75,19
1195,221,252,0.75,8
47,10,256,1.25,7
48,10,260,0.75,3
49,10,264,0.99,8
1197,221,264,0.99,18
50,10,268,0.99,8
51,11,274,0.75,17
52,11,280,0.75,16
1772,327,280,0.75,10
53,11,286,1.25,6
54,11,292,0.99,18
55,11,298,0.99,11
1774,327,298,0.99,8
56,11,304,1.25,17
57,11,310,0.99,6
58,11,316,1.25,14
1776,327,316,1.25,10
59,11,322,0.99,18
60,12,331,0.99,19
61,12,340,0.75,2
62,12,349,0.99,11
63,12,358,0.99,1
64,12,367,0.99,8
65,12,376,0.99,1
66,12,385,0.75,18
67,12,394,0.99,15
1785,329,394,0.99,17
68,12,403,0.99,14
1790,331,403,0.99,3
69,12,412,0.75,12
70,12,421,1.25,7
71,12,430,1.25,14
1222,226,430,1.25,17
72,12,439,1.25,16
644,118,439,1.25,2
73,12,448,0.99,10
74,13,462,1.25,3
75,14,463,1.25,8
76,14,464,1.25,6
77,15,466,1.25,5
1230,228,466,1.25,17
78,15,468,1.25,6
79,16,470,1.25,9
80,16,472,1.25,14
1231,228,472,1.25,2
81,16,474,0.99,18
82,16,476,1.25,18
83,17,480,0.75,16
84,17,484,0.75,14
1233,228,484,0.75,1
85,17,488,0.99,9
86,17,492,0.99,15
87,17,496,0.75,14
1235,228,496,0.75,1
88,17,500,0.99,17
89,18,506,0.99,11
90,18,512,0.99,14
1810,334,512,0.99,10
91,18,518,0.75,4
92,18,524,0.75,3
93,18,530,1.25,15
1812,334,530,1.25,7
94,18,536,0.75,15
95,18,542,1.25,1
96,18,548,0.99,12
1814,334,548,0.99,9
97,18,554,0.75,4
98,19,563,0.99,2
99,19,572,1.25,3
100,19,581,1.25,17
101,19,590,1.25,1
102,19,599,0.99,19
103,19,608,0.99,11
104,19,617,0.75,9
105,19,626,0.75,14
1823,336,626,0.75,14
106,19,635,0.75,4
1828,338,635,0.75,19
107,19,644,0.99,1
108,19,653,0.75,9
109,19,662,0.75,14
1260,233,662,0.75,10
110,19,671,0.99,19
682,125,671,0.99,11
111,19,680,0.99,16
112,20,694,1.25,10
113,21,695,0.75,1
114,21,696,0.99,13
115,22,698,0.99,18
1268,235,698,0.99,13
116,22,700,1.25,11
117,23,702,1.25,13
118,23,704,0.99,16
1269,235,704,0.99,18
119,23,706,1.25,15
120,23,708,0.99,12
121,24,712,0.75,8
122,24,716,0.75,4
1271,235,716,0.75,8
123,24,720,1.25,16
124,24,724,0.99,15
125,24,728,1.25,3
1273,235,728,1.25,9
126,24,732,0.75,5
127,25,738,0.75,5
128,25,744,1.25,1
1848,341,744,1.25,2
129,25,750,1.25,4
130,25,756,0.99,6
131,25,762,0.99,7
1850,341,762,0.99,9
132,25,768,0.99,16
133,25,774,0.75,8
134,25,780,0.99,6
1852,341,780,0.99,1
135,25,786,0.99,16
136,26,795,0.75,18
137,26,804,1.25,1
138,26,813,0.99,11
139,26,822,0.99,11
140,26,831,1.25,3
141,26,840,0.99,3
142,26,849,0.99,18
143,26,858,1.25,5
1861,343,858,1.25,13
144,26,867,0.99,1
1866,345,867,0.99,16
145,26,876,1.25,15
146,26,885,1.25,18
147,26,894,0.99,8
1298,240,894,0.99,18
148,26,903,1.25,4
720,132,903,1.25,16
149,26,912,1.25,18
150,27,926,1.25,7
151,28,927,0.75,10
152,28,928,0.99,11
153,29,930,0.75,14
1306,242,930,0.75,7
154,29,932,0.99,7
155,30,934,1.25,7
156,30,936,0.75,17
1307,242,936,0.75,11
157,30,938,0.99,17
158,30,940,1.25,19
159,31,944,0.75,13
160,31,948,0.75,10
1309,242,948,0.75,19
161,31,952,0.75,1
162,31,956,0.99,17
163,31,960,0.99,10
1311,242,960,0.99,6
164,31,964,0.75,17
165,32,970,0.75,16
166,32,976,0.99,11
1886,348,976,0.99,9
167,32,982,1.25,5
168,32,988,0.99,15
169,32,994,0.99,15
1888,348,994,0.99,11
170,32,1000,1.25,4
171,32,1006,0.99,17
172,32,1012,0.99,15
1890,348,1012,0.99,14
173,32,1018,0.99,16
174,33,1027,0.99,8
175,33,1036,1.25,15
176,33,1045,0.99,14
177,33,1054,0.75,16
178,33,1063,0.99,19
179,33,1072,1.25,15
180,33,1081,1.25,13
181,33,1090,1.25,6
1899,350,1090,1.25,13
182,33,1099,1.25,13
1904,352,1099,1.25,10
183,33,1108,1.25,13
184,33,1117,0.75,13
185,33,1126,1.25,8
1336,247,1126,1.25,19
186,33,1135,0.99,8
758,139,1135,0.99,19
187,33,1144,1.25,12
188,34,1158,0.99,13
189,35,1159,0.75,19
190,35,1160,1.25,7
191,36,1162,1.25,17
1344,249,1162,1.25,3
192,36,1164,0.99,6
193,37,1166,0.99,3
194,37,1168,0.75,2
1345,249,1168,0.75,11
195,37,1170,0.99,12
196,37,1172,0.99,6
197,38,1176,1.25,10
198,38,1180,0.99,12
1347,249,1180,0.99,12
199,38,1184,1.25,2
200,38,1188,0.99,19
201,38,1192,0.99,1
1349,249,1192,0.99,5
202,38,1196,0.99,8
203,39,1202,0.99,1
204,39,1208,0.75,3
1924,355,1208,0.75,10
205,39,1214,0.99,4
206,39,1220,0.75,7
207,39,1226,0.99,13
1926,355,1226,0.99,1
208,39,1232,1.25,8
209,39,1238,0.75,7
210,39,1244,0.99,16
1928,355,1244,0.99,14
211,39,1250,1.25,17
212,40,1259,0.75,7
213,40,1268,1.25,14
214,40,1277,1.25,5
215,40,1286,0.99,3
216,40,1295,1.25,11
217,40,1304,0.75,10
218,40,1313,0.75,10
219,40,1322,0.99,14
1937,357,1322,0.99,6
220,40,1331,1.25,13
1942,359,1331,1.25,16
221,40,1340,1.25,19
222,40,1349,0.99,11
223,40,1358,1.25,12
1374,254,1358,1.25,15
224,40,1367,0.99,10
796,146,1367,0.99,19
225,40,1376,0.75,5
226,41,1390,0.75,17
227,42,1391,0.99,17
228,42,1392,1.25,11
229,43,1394,0.99,4
1382,256,1394,0.99,9
230,43,1396,0.75,10
231,44,1398,0.75,18
232,44,1400,0.99,3
1383,256,1400,0.99,3
233,44,1402,0.75,5
234,44,1404,1.25,14
235,45,1408,1.25,15
236,45,1412,0.99,17
1385,256,1412,0.99,15
237,45,1416,0.75,9
238,45,1420,0.99,3
239,45,1424,0.99,4
1387,256,1424,0.99,2
240,45,1428,1.25,14
241,46,1434,0.99,10
242,46,1440,0.99,5
1962,362,1440,0.99,4
243,46,1446,0.75,5
244,46,1452,0.75,9
245,46,1458,1.25,19
1964,362,1458,1.25,9
246,46,1464,1.25,2
247,46,1470,1.25,7
248,46,1476,1.25,15
1966,362,1476,1.25,18
249,46,1482,0.75,9
250,47,1491,0.99,8
251,47,1500,0.99,17
252,47,1509,1.25,6
253,47,1518,0.75,3
254,47,1527,0.99,3
255,47,1536,1.25,15
256,47,1545,0.99,12
257,47,1554,0.99,11
1975,364,1554,0.99,11
258,47,1563,1.25,9
1980,366,1563,1.25,14
259,47,1572,1.25,17
260,47,1581,0.75,6
261,47,1590,0.99,10
1412,261,1590,0.99,12
262,47,1599,0.99,14
834,153,1599,0.99,4
263,47,1608,0.75,9
264,48,1622,0.75,11
265,49,1623,1.25,12
266,49,1624,0.75,7
267,50,1626,0.75,1
1420,263,1626,0.75,17
268,50,1628,0.99,15
269,51,1630,1.25,5
270,51,1632,0.75,12
1421,263,1632,0.75,12
271,51,1634,1.25,4
272,51,1636,1.25,1
273,52,1640,1.25,15
274,52,1644,1.25,18
1423,263,1644,1.25,8
275,52,1648,0.99,7
276,52,1652,0.99,1
277,52,1656,1.25,2
1425,263,1656,1.25,1
278,52,1660,0.75,7
279,53,1666,1.25,5
280,53,1672,0.75,19
2000,369,1672,0.75,5
281,53,1678,1.25,6
282,53,1684,0.75,7
283,53,1690,0.99,19
2002,369,1690,0.99,4
284,53,1696,0.75,19
285,53,1702,0.75,15
286,53,1708,1.25,8
2004,369,1708,1.25,18
287,53,1714,0.99,17
288,54,1723,0.75,8
289,54,1732,0.75,12
290,54,1741,1.25,15
291,54,1750,1.25,9
292,54,1759,0.75,9
293,54,1768,0.75,9
294,54,1777,0.99,17
295,54,1786,1.25,3
2013,371,1786,1.25,19
296,54,1795,0.75,1
2018,373,1795,0.75,18
297,54,1804,1.25,8
298,54,1813,0.75,13
299,54,1822,1.25,18
1450,268,1822,1.25,15
300,54,1831,0.75,2
872,160,1831,0.75,5
301,54,1840,0.99,11
302,55,1854,0.75,10
303,56,1855,0.99,12
304,56,1856,1.25,6
305,57,1858,1.25,18
1458,270,1858,1.25,7
306,57,1860,0.75,6
307,58,1862,0.75,11
308,58,1864,0.75,15
1459,270,1864,0.75,9
309,58,1866,1.25,18
310,58,1868,0.75,11
311,59,1872,0.99,9
312,59,1876,0.75,17
1461,270,1876,0.75,15
313,59,1880,0.75,13
314,59,1884,0.75,14
315,59,1888,1.25,17
1463,270,1888,1.25,19
316,59,1892,0.99,5
317,60,1898,1.25,19
318,60,1904,1.25,5
2038,376,1904,1.25,4
319,60,1910,0.75,4
320,60,1916,1.25,13
321,60,1922,1.25,3
2040,376,1922,1.25,9
322,60,1928,1.25,13
323,60,1934,0.75,1
324,60,1940,1.25,1
2042,376,1940,1.25,3
325,60,1946,0.99,16
326,61,1955,0.99,5
327,61,1964,0.99,11
328,61,1973,0.75,13
329,61,1982,0.75,19
330,61,1991,1.25,6
331,61,2000,1.25,17
332,61,2009,1.25,1
333,61,2018,1.25,12
2051,378,2018,1.25,13
334,61,2027,0.75,13
2056,380,2027,0.75,1
335,61,2036,1.25,12
336,61,2045,0.99,4
337,61,2054,1.25,13
1488,275,2054,1.25,9
338,61,2063,0.99,16
910,167,2063,0.99,8
339,61,2072,0.75,14
340,62,2086,0.75,2
341,63,2087,0.75,5
342,63,2088,1.25,8
343,64,2090,0.75,4
1496,277,2090,0.75,19
344,64,2092,1.25,3
345,65,2094,1.25,3
346,65,2096,0.99,11
1497,277,2096,0.99,7
347,65,2098,0.99,15
348,65,2100,0.75,19
349,66,2104,0.99,7
350,66,2108,0.99,7
1499,277,2108,0.99,11
351,66,2112,1.25,17
352,66,2116,1.25,18
353,66,2120,0.99,6
1501,277,2120,0.99,17
354,66,2124,0.75,7
355,67,2130,0.99,9
356,67,2136,0.99,9
2076,383,2136,0.99,19
357,67,2142,0.99,6
358,67,2148,0.99,6
359,67,2154,0.75,8
2078,383,2154,0.75,1
360,67,2160,0.75,15
361,67,2166,0.75,6
362,67,2172,1.25,10
2080,383,2172,1.25,13
363,67,2178,1.25,15
364,68,2187,1.25,2
365,68,2196,0.75,14
366,68,2205,0.99,12
367,68,2214,1.25,15
368,68,2223,0.75,10
369,68,2232,1.25,4
370,68,2241,0.75,4
371,68,2250,0.99,4
2089,385,2250,0.99,1
372,68,2259,1.25,2
2094,387,2259,1.25,7
373,68,2268,0.75,4
374,68,2277,0.99,17
375,68,2286,0.99,6
1526,282,2286,0.99,6
376,68,2295,0.75,1
948,174,2295,0.75,17
377,68,2304,0.99,6
378,69,2318,0.75,19
379,70,2319,0.75,15
380,70,2320,0.75,8
381,71,2322,1.25,7
1534,284,2322,1.25,2
382,71,2324,1.25,11
383,72,2326,1.25,1
384,72,2328,1.25,15
1535,284,2328,1.25,17
385,72,2330,0.99,19
386,72,2332,0.75,5
387,73,2336,0.99,8
388,73,2340,0.75,8
1537,284,2340,0.75,13
389,73,2344,1.25,11
390,73,2348,0.99,13
391,73,2352,1.25,18
1539,284,2352,1.25,18
392,73,2356,1.25,8
393,74,2362,0.99,8
394,74,2368,1.25,1
2114,390,2368,1.25,5
395,74,2374,0.99,13
396,74,2380,0.99,7
397,74,2386,0.99,1
2116,390,2386,0.99,6
398,74,2392,0.99,6
399,74,2398,0.75,10
400,74,2404,0.99,13
2118,390,2404,0.99,7
401,74,2410,0.75,14
402,75,2419,0.75,7
403,75,2428,0.75,19
404,75,2437,1.25,19
405,75,2446,0.75,18
406,75,2455,0.99,3
407,75,2464,0.99,14
408,75,2473,0.99,12
409,75,2482,0.75,16
2127,392,2482,0.75,15
410,75,2491,1.25,8
2132,394,2491,1.25,1
411,75,2500,0.75,17
412,75,2509,0.75,12
413,75,2518,1.25,16
1564,289,2518,1.25,2
414,75,2527,1.25,7
986,181,2527,1.25,11
415,75,2536,0.75,12
416,76,2550,0.99,6
417,77,2551,0.99,2
418,77,2552,0.99,16
419,78,2554,0.99,3
1572,291,2554,0.99,16
420,78,2556,0.75,14
421,79,2558,0.99,11
422,79,2560,1.25,14
1573,291,2560,1.25,3
423,79,2562,0.75,8
424,79,2564,1.25,19
425,80,2568,0.75,9
426,80,2572,1.25,13
1575,291,2572,1.25,11
427,80,2576,0.75,17
428,80,2580,1.25,18
429,80,2584,0.75,12
1577,291,2584,0.75,19
430,80,2588,0.75,7
431,81,2594,1.25,1
432,81,2600,1.25,17
2152,397,2600,1.25,14
433,81,2606,0.75,2
434,81,2612,0.75,19
435,81,2618,1.25,8
2154,397,2618,1.25,12
436,81,2624,0.99,15
437,81,2630,0.75,5
438,81,2636,1.25,1
2156,397,2636,1.25,19
439,81,2642,0.75,2
440,82,2651,0.75,17
441,82,2660,0.99,3
442,82,2669,1.25,5
443,82,2678,0.99,4
444,82,2687,0.75,17
445,82,2696,0.99,19
446,82,2705,1.25,2
447,82,2714,0.99,12
2165,399,2714,0.99,8
448,82,2723,1.25,12
2170,401,2723,1.25,8
449,82,2732,1.25,13
450,82,2741,1.25,5
451,82,2750,1.25,14
1602,296,2750,1.25,2
452,82,2759,1.25,1
1024,188,2759,1.25,16
453,82,2768,0.99,9
454,83,2782,0.75,8
455,84,2783,0.99,8
456,84,2784,1.25,2
457,85,2786,0.99,8
1610,298,2786,0.99,17
458,85,2788,1.25,3
459,86,2790,0.75,5
460,86,2792,1.25,6
1611,298,2792,1.25,5
461,86,2794,0.75,8
462,86,2796,1.25,19
463,87,2800,0.75,13
464,87,2804,0.75,14
1613,298,2804,0.75,15
465,87,2808,1.25,1
466,87,2812,0.99,19
467,87,2816,1.25,8
1615,298,2816,1.25,1
468,87,2820,0.75,16
469,88,2826,0.99,10
470,88,2832,0.75,2
2190,404,2832,0.75,12
471,88,2838,1.25,2
472,88,2844,0.99,14
473,88,2850,0.99,7
2192,404,2850,0.99,11
474,88,2856,1.25,7
475,88,2862,0.75,2
476,88,2868,0.99,2
2194,404,2868,0.99,2
477,88,2874,0.75,18
478,89,2883,0.99,19
479,89,2892,0.75,7
480,89,2901,0.75,12
481,89,2910,1.25,19
482,89,2919,0.75,4
483,89,2928,1.25,3
484,89,2937,0.99,4
485,89,2946,0.99,1
2203,406,2946,0.99,13
486,89,2955,1.25,11
2208,408,2955,1.25,18
487,89,2964,0.99,1
488,89,2973,0.75,2
489,89,2982,0.99,6
1640,303,2982,0.99,15
490,89,2991,0.75,1
1062,195,2991,0.75,13
491,89,3000,0.75,6
492,90,3014,1.25,15
493,91,3015,0.99,9
494,91,3016,1.25,12
495,92,3018,0.75,13
1648,305,3018,0.75,10
496,92,3020,1.25,17
497,93,3022,1.25,1
498,93,3024,1.25,1
1649,305,3024,1.25,13
499,93,3026,0.99,10
500,93,3028,0.75,15
501,94,3032,0.99,4
502,94,3036,0.99,5
1651,305,3036,0.99,14
503,94,3040,0.75,1
504,94,3044,0.75,14
505,94,3048,1.25,7
1653,305,3048,1.25,7
506,94,3052,0.99,11
507,95,3058,0.75,1
508,95,3064,0.99,9
2228,411,3064,0.99,1
509,95,3070,0.75,2
510,95,3076,0.75,7
511,95,3082,0.99,2
2230,411,3082,0.99,9
512,95,3088,1.25,8
513,95,3094,1.25,14
514,95,3100,0.99,4
2232,411,3100,0.99,8
515,95,3106,1.25,16
516,96,3115,0.99,3
517,96,3124,1.25,16
518,96,3133,0.99,1
519,96,3142,0.75,19
520,96,3151,0.75,9
521,96,3160,0.75,3
522,96,3169,1.25,1
523,96,3178,1.25,18
524,96,3187,0.99,15
525,96,3196,0.75,10
526,96,3205,0.75,9
527,96,3214,0.99,15
1678,310,3214,0.99,5
528,96,3223,0.99,19
1100,202,3223,0.99,12
529,96,3232,0.75,5
530,97,3246,0.75,10
531,98,3247,0.75,1
532,98,3248,1.25,11
533,99,3250,0.99,2
1686,312,3250,0.99,19
534,99,3252,0.99,7
535,100,3254,0.75,6
536,100,3256,1.25,12
1687,312,3256,1.25,15
537,100,3258,1.25,8
538,100,3260,1.25,2
539,101,3264,0.75,10
540,101,3268,0.75,8
1689,312,3268,0.75,13
541,101,3272,0.75,6
542,101,3276,0.99,7
543,101,3280,0.99,11
1691,312,3280,0.99,13
544,101,3284,0.75,8
545,102,3290,0.99,6
546,102,3296,0.99,7
547,102,3302,1.25,5
548,102,3308,0.99,3
549,102,3314,0.99,11
550,102,3320,0.75,1
551,102,3326,1.25,17
552,102,3332,1.25,4
553,102,3338,0.99,15
554,103,3347,1.25,13
555,103,3356,0.75,17
556,103,3365,1.25,6
557,103,3374,1.25,18
558,103,3383,0.99,11
559,103,3392,0.99,12
560,103,3401,1.25,15
561,103,3410,0.75,2
562,103,3419,0.99,9
563,103,3428,0.99,5
564,103,3437,0.99,8
565,103,3446,0.75,1
1716,317,3446,0.75,15
566,103,3455,0.99,16
1138,209,3455,0.99,15
567,103,3464,1.25,2
568,104,3478,1.25,8
569,105,3479,0.75,2
570,105,3480,0.99,15
571,106,3482,0.99,14
1724,319,3482,0.99,16
572,106,3484,0.75,12
573,107,3486,0.75,5
574,107,3488,0.75,13
1725,319,3488,0.75,10
575,107,3490,0.99,19
576,107,3492,0.99,6
577,108,3496,1.25,4
578,108,3500,0.99,13
1727,319,3500,0.99,3
579,108,1,0.75,10
580,108,5,0.99,4
581,108,9,1.25,6
1729,319,9,1.25,12
582,108,13,0.75,2
583,109,19,0.99,13
584,109,25,0.75,10
585,109,31,0.99,12
586,109,37,0.75,1
587,109,43,0.75,16
588,109,49,0.75,9
589,109,55,0.75,7
590,109,61,0.99,18
591,109,67,0.99,19
592,110,76,1.25,1
593,110,85,1.25,7
594,110,94,1.25,2
595,110,103,0.99,17
596,110,112,1.25,1
597,110,121,0.75,11
598,110,130,1.25,16
599,110,139,0.99,2
600,110,148,0.75,2
601,110,157,0.99,7
602,110,166,1.25,13
603,110,175,1.25,17
1754,324,175,1.25,9
604,110,184,0.99,19
1176,216,184,0.99,17
605,110,193,1.25,14
607,112,208,0.99,13
608,112,209,0.75,8
609,113,211,0.75,3
1762,326,211,0.75,1
610,113,213,1.25,16
611,114,215,1.25,6
612,114,217,1.25,7
1763,326,217,1.25,4
613,114,219,0.99,1
614,114,221,0.75,5
615,115,225,0.99,3
616,115,229,0.99,15
1765,326,229,0.99,14
617,115,233,0.75,2
618,115,237,0.99,1
619,115,241,0.75,6
1767,326,241,0.75,14
620,115,245,0.75,8
621,116,251,0.75,17
622,116,257,0.75,19
623,116,263,0.75,19
624,116,269,0.75,1
625,116,275,0.99,12
626,116,281,0.99,10
627,116,287,0.99,6
628,116,293,1.25,2
629,116,299,0.99,2
630,117,308,1.25,19
631,117,317,0.99,18
632,117,326,0.99,18
633,117,335,1.25,19
634,117,344,0.99,8
635,117,353,0.75,19
636,117,362,0.99,15
637,117,371,0.99,13
638,117,380,1.25,10
639,117,389,0.99,5
640,117,398,0.75,14
641,117,407,1.25,6
1792,331,407,1.25,8
642,117,416,0.99,1
1214,223,416,0.99,19
643,117,425,0.99,19
645,119,440,1.25,15
646,119,441,1.25,10
647,120,443,0.99,5
1800,333,443,0.99,10
648,120,445,0.99,9
649,121,447,1.25,14
650,121,449,0.99,13
1801,333,449,0.99,8
651,121,451,1.25,15
652,121,453,0.99,18
653,122,457,1.25,12
654,122,461,1.25,9
1803,333,461,1.25,6
655,122,465,0.99,11
656,122,469,0.75,19
657,122,473,0.75,19
1805,333,473,0.75,14
658,122,477,1.25,6
659,123,483,1.25,16
660,123,489,0.75,11
661,123,495,0.99,15
662,123,501,0.99,10
663,123,507,0.75,11
664,123,513,0.75,14
665,123,519,0.99,19
666,123,525,1.25,14
667,123,531,0.99,2
668,124,540,0.75,15
669,124,549,1.25,16
670,124,558,0.99,9
671,124,567,1.25,18
672,124,576,0.75,9
673,124,585,0.75,2
674,124,594,1.25,3
675,124,603,0.99,2
676,124,612,1.25,9
677,124,621,0.99,8
678,124,630,1.25,17
679,124,639,0.75,14
1830,338,639,0.75,12
680,124,648,1.25,17
1252,230,648,1.25,16
681,124,657,0.99,1
683,126,672,0.75,8
684,126,673,0.99,4
685,127,675,0.75,12
1838,340,675,0.75,7
686,127,677,0.75,12
687,128,679,1.25,11
688,128,681,0.75,3
1839,340,681,0.75,16
689,128,683,1.25,2
690,128,685,0.75,12
691,129,689,0.99,3
692,129,693,1.25,11
1841,340,693,1.25,8
693,129,697,0.75,6
694,129,701,0.75,4
695,129,705,1.25,12
1843,340,705,1.25,12
696,129,709,0.99,4
697,130,715,1.25,2
698,130,721,1.25,14
699,130,727,0.75,18
700,130,733,0.99,9
701,130,739,0.99,7
702,130,745,1.25,5
703,130,751,0.99,7
704,130,757,1.25,13
705,130,763,0.75,10
706,131,772,0.99,6
707,131,781,0.75,16
708,131,790,0.75,8
709,131,799,1.25,12
710,131,808,1.25,3
711,131,817,0.75,1
712,131,826,1.25,15
713,131,835,1.25,12
714,131,844,1.25,19
715,131,853,0.99,13
716,131,862,0.75,1
717,131,871,0.99,6
1868,345,871,0.99,1
718,131,880,0.75,16
1290,237,880,0.75,19
719,131,889,0.99,10
721,133,904,0.99,2
722,133,905,0.75,6
723,134,907,0.99,3
1876,347,907,0.99,2
724,134,909,1.25,12
725,135,911,0.75,18
726,135,913,0.99,6
1877,347,913,0.99,7
727,135,915,0.75,14
728,135,917,0.75,16
729,136,921,0.99,11
730,136,925,1.25,18
1879,347,925,1.25,18
731,136,929,0.75,18
732,136,933,1.25,15
733,136,937,0.75,8
1881,347,937,0.75,9
734,136,941,0.75,18
735,137,947,0.75,19
736,137,953,0.99,1
737,137,959,1.25,8
738,137,965,1.25,4
739,137,971,0.99,12
740,137,977,1.25,3
741,137,983,0.75,9
742,137,989,1.25,6
743,137,995,1.25,19
744,138,1004,0.99,10
745,138,1013,1.25,3
746,138,1022,1.25,3
747,138,1031,0.75,14
748,138,1040,1.25,6
749,138,1049,0.99,5
750,138,1058,1.25,12
751,138,1067,0.99,12
752,138,1076,0.75,13
753,138,1085,0.99,1
754,138,1094,0.99,19
755,138,1103,0.75,9
1906,352,1103,0.75,17
756,138,1112,0.99,11
1328,244,1112,0.99,18
757,138,1121,1.25,12
759,140,1136,0.99,9
760,140,1137,0.99,1
761,141,1139,0.99,19
1914,354,1139,0.99,6
762,141,1141,1.25,11
763,142,1143,0.99,12
764,142,1145,1.25,10
1915,354,1145,1.25,14
765,142,1147,0.99,8
766,142,1149,0.75,7
767,143,1153,0.99,4
768,143,1157,0.99,19
1917,354,1157,0.99,6
769,143,1161,0.99,13
770,143,1165,1.25,10
771,143,1169,0.99,11
1919,354,1169,0.99,2
772,143,1173,0.75,2
773,144,1179,1.25,11
774,144,1185,1.25,7
775,144,1191,0.75,10
776,144,1197,1.25,5
777,144,1203,0.99,9
778,144,1209,0.99,19
779,144,1215,1.25,11
780,144,1221,0.75,4
781,144,1227,1.25,15
782,145,1236,0.99,12
783,145,1245,1.25,10
784,145,1254,1.25,11
785,145,1263,0.99,3
786,145,1272,1.25,12
787,145,1281,1.25,17
788,145,1290,1.25,14
789,145,1299,0.99,11
790,145,1308,1.25,4
791,145,1317,0.75,12
792,145,1326,0.75,11
793,145,1335,1.25,3
1944,359,1335,1.25,17
794,145,1344,0.75,13
1366,251,1344,0.75,9
795,145,1353,0.99,11
797,147,1368,1.25,9
798,147,1369,0.75,1
799,148,1371,1.25,14
1952,361,1371,1.25,10
800,148,1373,1.25,19
801,149,1375,0.99,7
802,149,1377,0.99,12
1953,361,1377,0.99,11
803,149,1379,0.99,13
804,149,1381,0.75,5
805,150,1385,0.75,14
806,150,1389,0.99,9
1955,361,1389,0.99,12
807,150,1393,1.25,4
808,150,1397,0.75,6
809,150,1401,0.75,3
1957,361,1401,0.75,19
810,150,1405,1.25,1
811,151,1411,0.99,8
812,151,1417,0.99,9
813,151,1423,1.25,2
814,151,1429,0.99,5
815,151,1435,0.99,7
816,151,1441,0.75,2
817,151,1447,1.25,10
818,151,1453,1.25,4
819,151,1459,0.75,15
820,152,1468,0.99,4
821,152,1477,0.99,14
822,152,1486,1.25,5
823,152,1495,1.25,16
824,152,1504,0.99,12
825,152,1513,0.75,5
826,152,1522,1.25,13
827,152,1531,0.75,7
828,152,1540,0.75,17
829,152,1549,0.99,16
830,152,1558,1.25,5
831,152,1567,1.25,11
1982,366,1567,1.25,8
832,152,1576,0.75,7
1404,258,1576,0.75,11
833,152,1585,0.75,5
835,154,1600,0.99,1
836,154,1601,1.25,7
837,155,1603,0.99,19
1990,368,1603,0.99,15
838,155,1605,0.99,10
839,156,1607,0.99,19
840,156,1609,1.25,17
1991,368,1609,1.25,4
841,156,1611,0.99,11
842,156,1613,0.99,18
843,157,1617,0.99,19
844,157,1621,0.99,1
1993,368,1621,0.99,5
845,157,1625,1.25,7
846,157,1629,1.25,14
847,157,1633,0.75,1
1995,368,1633,0.75,1
848,157,1637,0.75,1
849,158,1643,0.99,19
850,158,1649,0.99,2
851,158,1655,1.25,6
852,158,1661,0.99,14
853,158,1667,0.99,9
854,158,1673,0.75,19
855,158,1679,0.99,19
856,158,1685,0.99,7
857,158,1691,1.25,18
858,159,1700,0.75,19
859,159,1709,0.99,7
860,159,1718,1.25,5
861,159,1727,1.25,6
862,159,1736,1.25,3
863,159,1745,0.75,5
864,159,1754,1.25,18
865,159,1763,1.25,14
866,159,1772,0.99,11
867,159,1781,0.99,18
868,159,1790,1.25,1
869,159,1799,0.99,9
2020,373,1799,0.99,1
870,159,1808,0.75,9
1442,265,1808,0.75,16
871,159,1817,0.99,15
873,161,1832,0.75,19
874,161,1833,0.99,8
875,162,1835,0.75,11
2028,375,1835,0.75,13
876,162,1837,0.75,14
877,163,1839,0.75,12
878,163,1841,0.99,11
2029,375,1841,0.99,19
879,163,1843,0.99,11
880,163,1845,0.99,16
881,164,1849,1.25,5
882,164,1853,0.99,12
2031,375,1853,0.99,14
883,164,1857,0.99,14
884,164,1861,0.99,7
885,164,1865,1.25,3
2033,375,1865,1.25,15
886,164,1869,0.75,4
887,165,1875,1.25,11
888,165,1881,0.99,5
889,165,1887,0.75,4
890,165,1893,1.25,6
891,165,1899,0.99,19
892,165,1905,0.75,7
893,165,1911,1.25,14
894,165,1917,1.25,15
895,165,1923,0.75,15
896,166,1932,1.25,10
897,166,1941,0.75,7
898,166,1950,0.75,17
899,166,1959,0.75,4
900,166,1968,0.99,8
901,166,1977,0.99,7
902,166,1986,0.99,1
903,166,1995,0.75,19
904,166,2004,0.75,10
905,166,2013,1.25,10
906,166,2022,1.25,4
907,166,2031,1.25,19
2058,380,2031,1.25,19
908,166,2040,1.25,16
1480,272,2040,1.25,14
909,166,2049,0.75,2
911,168,2064,0.99,9
912,168,2065,1.25,8
913,169,2067,0.75,2
2066,382,2067,0.75,14
914,169,2069,0.99,8
915,170,2071,0.75,4
916,170,2073,0.75,8
2067,382,2073,0.75,17
917,170,2075,0.99,10
918,170,2077,0.99,9
919,171,2081,0.75,8
920,171,2085,0.75,5
2069,382,2085,0.75,7
921,171,2089,0.99,14
922,171,2093,0.99,10
923,171,2097,1.25,16
2071,382,2097,1.25,6
924,171,2101,1.25,15
925,172,2107,0.99,1
926,172,2113,0.75,2
927,172,2119,1.25,9
928,172,2125,1.25,15
929,172,2131,0.99,11
930,172,2137,0.99,16
931,172,2143,0.75,19
932,172,2149,0.99,4
933,172,2155,0.99,4
934,173,2164,0.75,8
935,173,2173,1.25,11
936,173,2182,0.75,11
937,173,2191,0.99,9
938,173,2200,0.99,13
939,173,2209,0.99,19
940,173,2218,0.99,8
941,173,2227,1.25,9
942,173,2236,0.75,15
943,173,2245,0.99,3
944,173,2254,1.25,4
945,173,2263,0.75,17
2096,387,2263,0.75,8
946,173,2272,1.25,11
1518,279,2272,1.25,8
947,173,2281,0.99,5
949,175,2296,0.99,16
950,175,2297,1.25,11
951,176,2299,0.99,3
2104,389,2299,0.99,4
952,176,2301,1.25,14
953,177,2303,1.25,16
954,177,2305,0.75,9
2105,389,2305,0.75,16
955,177,2307,1.25,4
956,177,2309,1.25,17
957,178,2313,1.25,16
958,178,2317,1.25,15
2107,389,2317,1.25,4
959,178,2321,0.75,18
960,178,2325,0.99,16
961,178,2329,1.25,4
2109,389,2329,1.25,9
962,178,2333,0.75,10
963,179,2339,1.25,15
964,179,2345,0.75,3
965,179,2351,0.75,13
966,179,2357,0.75,1
967,179,2363,0.99,2
968,179,2369,1.25,3
969,179,2375,1.25,14
970,179,2381,1.25,12
971,179,2387,1.25,12
972,180,2396,0.75,10
973,180,2405,0.75,16
974,180,2414,0.75,14
975,180,2423,0.75,9
976,180,2432,0.75,7
977,180,2441,0.75,16
978,180,2450,1.25,10
979,180,2459,0.99,15
980,180,2468,0.75,19
981,180,2477,1.25,2
982,180,2486,0.75,7
983,180,2495,1.25,12
2134,394,2495,1.25,13
984,180,2504,0.99,15
1556,286,2504,0.99,2
985,180,2513,0.75,10
987,182,2528,1.25,4
988,182,2529,0.75,18
989,183,2531,0.99,16
2142,396,2531,0.99,10
990,183,2533,0.75,4
991,184,2535,0.99,16
992,184,2537,0.99,7
2143,396,2537,0.99,5
993,184,2539,1.25,11
994,184,2541,0.99,6
995,185,2545,1.25,14
996,185,2549,1.25,15
2145,396,2549,1.25,8
997,185,2553,0.99,16
998,185,2557,1.25,5
999,185,2561,0.75,17
2147,396,2561,0.75,8
1000,185,2565,1.25,10
1001,186,2571,1.25,19
1002,186,2577,0.75,15
1003,186,2583,1.25,7
1004,186,2589,0.99,6
1005,186,2595,0.75,5
1006,186,2601,0.75,15
1007,186,2607,0.99,8
1008,186,2613,0.75,3
1009,186,2619,1.25,14
1010,187,2628,0.99,11
1011,187,2637,0.75,18
1012,187,2646,0.99,2
1013,187,2655,1.25,14
1014,187,2664,1.25,16
1015,187,2673,1.25,18
1016,187,2682,1.25,2
1017,187,2691,0.99,12
1018,187,2700,0.99,12
1019,187,2709,0.75,3
1020,187,2718,1.25,3
1021,187,2727,0.75,1
2172,401,2727,0.75,6
1022,187,2736,0.99,8
1594,293,2736,0.99,10
1023,187,2745,1.25,4
1025,189,2760,1.25,13
1026,189,2761,1.25,15
1027,190,2763,0.75,7
2180,403,2763,0.75,2
1028,190,2765,0.75,6
1029,191,2767,1.25,3
1030,191,2769,1.25,11
2181,403,2769,1.25,1
1031,191,2771,0.75,16
1032,191,2773,1.25,15
1033,192,2777,1.25,2
1034,192,2781,0.99,12
2183,403,2781,0.99,14
1035,192,2785,0.99,13
1036,192,2789,0.75,16
1037,192,2793,0.75,19
2185,403,2793,0.75,14
1038,192,2797,0.99,14
1039,193,2803,1.25,2
1040,193,2809,1.25,7
1041,193,2815,1.25,2
1042,193,2821,0.75,15
1043,193,2827,0.99,1
1044,193,2833,0.99,15
1045,193,2839,0.99,2
1046,193,2845,0.75,13
1047,193,2851,0.75,17
1048,194,2860,0.99,1
1049,194,2869,0.99,14
1050,194,2878,0.99,14
1051,194,2887,1.25,19
1052,194,2896,0.99,5
1053,194,2905,0.75,11
1054,194,2914,1.25,14
1055,194,2923,1.25,15
1056,194,2932,0.75,8
1057,194,2941,0.99,4
1058,194,2950,1.25,2
1059,194,2959,1.25,11
2210,408,2959,1.25,1
1060,194,2968,0.75,1
1632,300,2968,0.75,1
1061,194,2977,0.99,6
1063,196,2992,1.25,18
1064,196,2993,0.99,11
1065,197,2995,0.99,15
2218,410,2995,0.99,9
1066,197,2997,0.99,5
1067,198,2999,0.75,19
1068,198,3001,1.25,18
2219,410,3001,1.25,11
1069,198,3003,0.99,16
1070,198,3005,0.75,18
1071,199,3009,0.75,8
1072,199,3013,0.99,8
2221,410,3013,0.99,1
1073,199,3017,0.99,1
1074,199,3021,1.25,3
1075,199,3025,1.25,5
2223,410,3025,1.25,19
1076,199,3029,0.75,17
1077,200,3035,0.75,14
1078,200,3041,1.25,5
1079,200,3047,1.25,5
1080,200,3053,1.25,3
1081,200,3059,0.99,19
1082,200,3065,0.99,5
1083,200,3071,0.75,13
1084,200,3077,0.99,4
1085,200,3083,1.25,1
1086,201,3092,0.99,19
1087,201,3101,1.25,6
1088,201,3110,1.25,2
1089,201,3119,0.75,1
1090,201,3128,0.99,10
1091,201,3137,0.75,4
1092,201,3146,1.25,7
1093,201,3155,1.25,12
1094,201,3164,1.25,13
1095,201,3173,1.25,12
1096,201,3182,1.25,8
1097,201,3191,0.75,17
1098,201,3200,0.99,1
1670,307,3200,0.99,1
1099,201,3209,0.99,9
1101,203,3224,0.99,11
1102,203,3225,0.99,18
1103,204,3227,1.25,19
1104,204,3229,0.75,11
1105,205,3231,0.99,8
1106,205,3233,0.99,7
1107,205,3235,1.25,8
1108,205,3237,0.99,16
1109,206,3241,1.25,13
1110,206,3245,0.75,1
1111,206,3249,0.99,4
1112,206,3253,0.75,16
1113,206,3257,1.25,4
1114,206,3261,0.99,18
1115,207,3267,0.75,3
1116,207,3273,0.99,16
1117,207,3279,0.99,1
1118,207,3285,0.75,13
1119,207,3291,1.25,1
1120,207,3297,0.75,2
1121,207,3303,0.75,14
1122,207,3309,0.99,11
1123,207,3315,0.75,13
1124,208,3324,0.99,15
1125,208,3333,1.25,15
1126,208,3342,0.75,13
1127,208,3351,0.75,12
1128,208,3360,0.99,9
1129,208,3369,0.99,1
1130,208,3378,0.75,17
1131,208,3387,0.99,7
1132,208,3396,1.25,14
1133,208,3405,0.75,4
1134,208,3414,0.75,8
1135,208,3423,0.75,15
1136,208,3432,0.99,18
1708,314,3432,0.99,9
1137,208,3441,0.75,17
1139,210,3456,1.25,14
1140,210,3457,0.75,16
1141,211,3459,1.25,2
1142,211,3461,1.25,10
1143,212,3463,0.75,4
1144,212,3465,0.75,3
1145,212,3467,1.25,2
1146,212,3469,1.25,4
1147,213,3473,1.25,15
1148,213,3477,0.75,8
1149,213,3481,0.99,1
1150,213,3485,0.99,4
1151,213,3489,0.99,4
1152,213,3493,1.25,1
1153,214,3499,0.75,15
1156,214,14,0.99,1
1158,214,26,0.75,15
1160,214,38,1.25,9
1161,214,44,0.99,16
1162,215,53,0.75,8
1163,215,62,0.75,11
1164,215,71,1.25,15
1165,215,80,1.25,19
1166,215,89,0.99,15
1167,215,98,0.75,11
1168,215,107,0.75,4
1169,215,116,0.99,18
1170,215,125,1.25,16
1171,215,134,0.99,5
1172,215,143,1.25,6
1173,215,152,1.25,10
1174,215,161,1.25,5
1746,321,161,1.25,15
1175,215,170,1.25,9
1177,217,185,0.75,9
1178,217,186,0.75,7
1179,218,188,0.99,7
1180,218,190,1.25,15
1181,219,192,1.25,11
1182,219,194,0.99,5
1183,219,196,1.25,1
1185,220,202,0.75,13
1186,220,206,1.25,6
1187,220,210,0.99,10
1188,220,214,0.99,19
1189,220,218,1.25,17
1190,220,222,0.75,19
1191,221,228,0.75,4
1194,221,246,1.25,16
1196,221,258,1.25,3
1198,221,270,0.75,4
1199,221,276,1.25,2
1200,222,285,0.99,16
1201,222,294,1.25,16
1202,222,303,1.25,16
1203,222,312,0.99,3
1204,222,321,1.25,3
1205,222,330,0.99,19
1206,222,339,0.75,7
1207,222,348,0.99,11
1208,222,357,0.75,19
1209,222,366,0.99,18
1210,222,375,1.25,18
1211,222,384,1.25,6
1212,222,393,1.25,9
1784,328,393,1.25,3
1213,222,402,1.25,15
1215,224,417,0.75,16
1216,224,418,1.25,1
1217,225,420,1.25,6
1218,225,422,0.75,9
1219,226,424,0.99,19
1220,226,426,1.25,10
1221,226,428,0.75,5
1223,227,434,0.75,16
1224,227,438,1.25,1
1225,227,442,0.99,10
1226,227,446,0.75,7
1227,227,450,0.99,1
1228,227,454,0.99,17
1229,228,460,1.25,19
1232,228,478,1.25,10
1234,228,490,0.75,13
1236,228,502,0.75,9
1237,228,508,0.75,18
1238,229,517,1.25,2
1239,229,526,1.25,19
1240,229,535,1.25,15
1241,229,544,0.75,4
1242,229,553,0.75,3
1243,229,562,1.25,18
1244,229,571,0.99,7
1245,229,580,0.99,6
1246,229,589,0.99,2
1247,229,598,0.75,13
1248,229,607,0.75,6
1249,229,616,1.25,16
1250,229,625,0.99,2
1822,335,625,0.99,12
1251,229,634,0.99,7
1253,231,649,0.99,4
1254,231,650,1.25,1
1255,232,652,1.25,13
1256,232,654,0.75,15
1257,233,656,1.25,4
1258,233,658,0.99,3
1259,233,660,0.99,12
1261,234,666,0.75,15
1262,234,670,1.25,18
1263,234,674,0.75,14
1264,234,678,0.75,19
1265,234,682,1.25,5
1266,234,686,0.75,8
1267,235,692,1.25,4
1270,235,710,0.75,14
1272,235,722,0.75,10
1274,235,734,0.75,8
1275,235,740,0.99,1
1276,236,749,0.99,18
1277,236,758,1.25,10
1278,236,767,0.75,8
1279,236,776,0.75,2
1280,236,785,0.99,4
1281,236,794,0.75,12
1282,236,803,1.25,8
1283,236,812,0.75,19
1284,236,821,0.99,19
1285,236,830,0.75,2
1286,236,839,0.99,3
1287,236,848,0.99,3
1288,236,857,1.25,18
1860,342,857,1.25,12
1289,236,866,0.75,12
1291,238,881,0.99,12
1292,238,882,0.75,12
1293,239,884,0.75,4
1294,239,886,0.99,1
1295,240,888,0.75,18
1296,240,890,0.75,1
1297,240,892,0.99,4
1299,241,898,0.75,6
1300,241,902,0.75,12
1301,241,906,0.99,6
1302,241,910,1.25,10
1303,241,914,0.75,15
1304,241,918,0.99,11
1305,242,924,0.99,1
1308,242,942,0.99,9
1310,242,954,0.75,9
1312,242,966,0.99,17
1313,242,972,1.25,16
1314,243,981,0.75,9
1315,243,990,0.99,11
1316,243,999,0.75,19
1317,243,1008,0.75,11
1318,243,1017,0.99,9
1319,243,1026,0.99,5
1320,243,1035,0.75,18
1321,243,1044,1.25,19
1322,243,1053,0.99,18
1323,243,1062,0.99,15
1324,243,1071,0.99,14
1325,243,1080,1.25,17
1326,243,1089,0.99,18
1898,349,1089,0.99,2
1327,243,1098,0.99,17
1329,245,1113,1.25,15
1330,245,1114,1.25,11
1331,246,1116,1.25,5
1332,246,1118,0.99,8
1333,247,1120,0.99,3
1334,247,1122,0.75,10
1335,247,1124,0.99,4
1337,248,1130,1.25,14
1338,248,1134,0.99,12
1339,248,1138,0.99,14
1340,248,1142,1.25,3
1341,248,1146,0.99,18
1342,248,1150,0.99,3
1343,249,1156,0.75,4
1346,249,1174,0.75,9
1348,249,1186,1.25,18
1350,249,1198,0.75,15
1351,249,1204,1.25,4
1352,250,1213,1.25,9
1353,250,1222,0.99,12
1354,250,1231,0.75,4
1355,250,1240,1.25,9
1356,250,1249,0.99,18
1357,250,1258,1.25,15
1358,250,1267,1.25,1
1359,250,1276,0.99,3
1360,250,1285,1.25,19
1361,250,1294,0.75,17
1362,250,1303,0.99,11
1363,250,1312,1.25,15
1364,250,1321,1.25,16
1936,356,1321,1.25,16
1365,250,1330,1.25,6
1367,252,1345,1.25,7
1368,252,1346,0.99,13
1369,253,1348,0.99,2
1370,253,1350,0.75,5
1371,254,1352,0.99,19
1372,254,1354,0.75,5
1373,254,1356,0.75,17
1375,255,1362,0.99,13
1376,255,1366,0.99,4
1377,255,1370,0.75,8
1378,255,1374,1.25,15
1379,255,1378,0.99,1
1380,255,1382,0.99,4
1381,256,1388,0.75,12
1384,256,1406,0.75,2
1386,256,1418,0.75,4
1388,256,1430,1.25,3
1389,256,1436,0.99,9
1390,257,1445,0.75,16
1391,257,1454,0.99,14
1392,257,1463,0.99,11
1393,257,1472,0.99,17
1394,257,1481,0.75,16
1395,257,1490,0.99,11
1396,257,1499,0.99,13
1397,257,1508,1.25,2
1398,257,1517,1.25,1
1399,257,1526,1.25,4
1400,257,1535,0.75,18
1401,257,1544,1.25,1
1402,257,1553,0.99,7
1974,363,1553,0.99,6
1403,257,1562,0.75,4
1405,259,1577,0.99,6
1406,259,1578,0.99,2
1407,260,1580,1.25,5
1408,260,1582,0.75,10
1409,261,1584,0.99,15
1410,261,1586,0.75,1
1411,261,1588,1.25,8
1413,262,1594,0.99,14
1414,262,1598,0.99,6
1415,262,1602,0.75,11
1416,262,1606,0.75,4
1417,262,1610,0.99,8
1418,262,1614,1.25,14
1419,263,1620,0.75,6
1422,263,1638,0.75,15
1424,263,1650,0.99,12
1426,263,1662,1.25,15
1427,263,1668,0.75,15
1428,264,1677,1.25,2
1429,264,1686,0.75,15
1430,264,1695,1.25,1
1431,264,1704,0.99,15
1432,264,1713,0.75,3
1433,264,1722,1.25,4
1434,264,1731,1.25,8
1435,264,1740,0.75,8
1436,264,1749,0.99,8
1437,264,1758,0.99,17
1438,264,1767,0.75,3
1439,264,1776,1.25,6
1440,264,1785,1.25,7
2012,370,1785,1.25,9
1441,264,1794,0.75,19
1443,266,1809,1.25,15
1444,266,1810,0.99,9
1445,267,1812,0.75,14
1446,267,1814,1.25,13
1447,268,1816,0.75,6
1448,268,1818,0.75,12
1449,268,1820,1.25,16
1451,269,1826,0.75,18
1452,269,1830,1.25,3
1453,269,1834,1.25,7
1454,269,1838,1.25,11
1455,269,1842,0.99,6
1456,269,1846,1.25,12
1457,270,1852,0.99,13
1460,270,1870,1.25,13
1462,270,1882,0.99,15
1464,270,1894,0.75,8
1465,270,1900,1.25,19
1466,271,1909,0.75,10
1467,271,1918,0.75,15
1468,271,1927,0.75,2
1469,271,1936,0.99,16
1470,271,1945,0.99,10
1471,271,1954,0.99,13
1472,271,1963,0.99,14
1473,271,1972,0.75,5
1474,271,1981,0.75,8
1475,271,1990,0.75,6
1476,271,1999,1.25,7
1477,271,2008,1.25,12
1478,271,2017,0.99,2
2050,377,2017,0.99,13
1479,271,2026,0.99,17
1481,273,2041,1.25,9
1482,273,2042,0.99,3
1483,274,2044,1.25,1
1484,274,2046,0.99,16
1485,275,2048,0.99,5
1486,275,2050,0.75,8
1487,275,2052,0.99,2
1489,276,2058,0.99,9
1490,276,2062,0.99,1
1491,276,2066,0.99,7
1492,276,2070,0.75,1
1493,276,2074,1.25,8
1494,276,2078,0.99,7
1495,277,2084,0.99,18
1498,277,2102,0.75,4
1500,277,2114,0.75,19
1502,277,2126,0.99,18
1503,277,2132,1.25,12
1504,278,2141,0.75,15
1505,278,2150,0.75,11
1506,278,2159,0.99,7
1507,278,2168,1.25,9
1508,278,2177,1.25,3
1509,278,2186,0.99,2
1510,278,2195,1.25,1
1511,278,2204,0.99,13
1512,278,2213,0.99,7
1513,278,2222,1.25,6
1514,278,2231,0.75,6
1515,278,2240,0.99,15
1516,278,2249,0.75,1
2088,384,2249,0.75,2
1517,278,2258,0.99,6
1519,280,2273,0.75,6
1520,280,2274,0.99,17
1521,281,2276,0.99,5
1522,281,2278,0.99,1
1523,282,2280,0.75,14
1524,282,2282,1.25,7
1525,282,2284,0.75,1
1527,283,2290,0.99,16
1528,283,2294,0.99,6
1529,283,2298,1.25,2
1530,283,2302,1.25,1
1531,283,2306,1.25,13
1532,283,2310,1.25,17
1533,284,2316,0.99,1
1536,284,2334,0.75,10
1538,284,2346,0.75,11
1540,284,2358,0.99,15
1541,284,2364,1.25,8
1542,285,2373,0.75,13
1543,285,2382,0.75,8
1544,285,2391,0.99,7
1545,285,2400,1.25,19
1546,285,2409,0.75,1
1547,285,2418,0.99,11
1548,285,2427,0.75,13
1549,285,2436,1.25,6
1550,285,2445,1.25,12
1551,285,2454,1.25,16
1552,285,2463,1.25,3
1553,285,2472,0.75,15
1554,285,2481,1.25,7
2126,391,2481,1.25,19
1555,285,2490,0.75,11
1557,287,2505,1.25,4
1558,287,2506,0.75,10
1559,288,2508,0.99,8
1560,288,2510,1.25,7
1561,289,2512,1.25,10
1562,289,2514,0.99,1
1563,289,2516,0.99,19
1565,290,2522,0.99,5
1566,290,2526,0.99,13
1567,290,2530,0.75,7
1568,290,2534,1.25,7
1569,290,2538,0.99,14
1570,290,2542,0.75,17
1571,291,2548,1.25,3
1574,291,2566,1.25,8
1576,291,2578,1.25,18
1578,291,2590,0.75,3
1579,291,2596,1.25,10
1580,292,2605,0.75,1
1581,292,2614,0.99,8
1582,292,2623,0.99,6
1583,292,2632,0.99,9
1584,292,2641,0.99,10
1585,292,2650,0.99,2
1586,292,2659,1.25,12
1587,292,2668,0.99,3
1588,292,2677,0.75,9
1589,292,2686,1.25,13
1590,292,2695,1.25,12
1591,292,2704,1.25,9
1592,292,2713,0.75,3
2164,398,2713,0.75,7
1593,292,2722,0.75,19
1595,294,2737,0.75,3
1596,294,2738,1.25,16
1597,295,2740,0.75,3
1598,295,2742,0.75,17
1599,296,2744,0.75,18
1600,296,2746,1.25,2
1601,296,2748,0.75,12
1603,297,2754,0.99,18
1604,297,2758,0.75,1
1605,297,2762,1.25,12
1606,297,2766,0.75,6
1607,297,2770,0.99,15
1608,297,2774,0.99,12
1609,298,2780,0.75,13
1612,298,2798,0.99,18
1614,298,2810,1.25,10
1616,298,2822,1.25,8
1617,298,2828,0.99,1
1618,299,2837,0.99,15
1619,299,2846,1.25,17
1620,299,2855,1.25,6
1621,299,2864,1.25,17
1622,299,2873,0.99,5
1623,299,2882,1.25,7
1624,299,2891,0.75,8
1625,299,2900,0.75,10
1626,299,2909,1.25,3
1627,299,2918,0.75,3
1628,299,2927,0.99,5
1629,299,2936,1.25,14
1630,299,2945,0.75,3
2202,405,2945,0.75,5
1631,299,2954,1.25,4
1633,301,2969,0.75,3
1634,301,2970,1.25,7
1635,302,2972,0.99,17
1636,302,2974,1.25,6
1637,303,2976,0.99,18
1638,303,2978,1.25,7
1639,303,2980,1.25,19
1641,304,2986,0.75,6
1642,304,2990,1.25,1
1643,304,2994,0.75,10
1644,304,2998,0.75,2
1645,304,3002,1.25,18
1646,304,3006,0.75,14
1647,305,3012,0.75,4
1650,305,3030,0.75,13
1652,305,3042,0.99,10
1654,305,3054,0.99,14
1655,305,3060,0.99,15
1656,306,3069,0.75,8
1657,306,3078,0.99,8
1658,306,3087,1.25,3
1659,306,3096,0.75,1
1660,306,3105,0.99,10
1661,306,3114,0.99,15
1662,306,3123,0.75,14
1663,306,3132,0.99,18
1664,306,3141,1.25,10
1665,306,3150,0.99,11
1666,306,3159,0.99,7
1667,306,3168,1.25,3
1668,306,3177,0.99,14
2240,412,3177,0.99,1
1669,306,3186,0.99,15
1671,308,3201,0.75,11
1672,308,3202,0.75,19
1673,309,3204,0.75,11
1674,309,3206,1.25,5
1675,310,3208,0.99,12
1676,310,3210,1.25,19
1677,310,3212,0.99,7
1679,311,3218,0.75,16
1680,311,3222,0.99,8
1681,311,3226,0.99,17
1682,311,3230,0.75,15
1683,311,3234,0.75,6
1684,311,3238,1.25,4
1685,312,3244,0.99,9
1688,312,3262,1.25,17
1690,312,3274,1.25,6
1692,312,3286,0.75,11
1693,312,3292,1.25,9
1694,313,3301,0.75,12
1695,313,3310,1.25,9
1696,313,3319,0.99,16
1697,313,3328,1.25,6
1698,313,3337,0.75,6
1699,313,3346,1.25,17
1700,313,3355,0.99,18
1701,313,3364,0.75,5
1702,313,3373,1.25,14
1703,313,3382,0.99,19
1704,313,3391,0.99,19
1705,313,3400,1.25,8
1706,313,3409,0.75,18
1707,313,3418,1.25,6
1709,315,3433,0.99,16
1710,315,3434,0.75,5
1711,316,3436,1.25,17
1712,316,3438,0.75,1
1713,317,3440,0.75,11
1714,317,3442,0.75,6
1715,317,3444,0.99,8
1717,318,3450,1.25,11
1718,318,3454,0.75,15
1719,318,3458,0.75,6
1720,318,3462,1.25,13
1721,318,3466,0.75,16
1722,318,3470,1.25,6
1723,319,3476,1.25,13
1726,319,3494,1.25,8
1728,319,3,0.75,15
1730,319,15,0.99,3
1731,319,21,1.25,5
1732,320,30,1.25,17
1733,320,39,0.99,16
1735,320,57,0.99,4
1737,320,75,0.75,1
1739,320,93,0.75,15
1740,320,102,0.99,4
1741,320,111,0.75,18
1742,320,120,0.75,4
1743,320,129,1.25,15
1744,320,138,0.99,19
1745,320,147,1.25,5
1748,322,163,0.99,11
1749,323,165,0.99,7
1750,323,167,1.25,2
1751,324,169,0.75,1
1753,324,173,0.99,13
1755,325,179,0.75,12
1756,325,183,1.25,6
1757,325,187,1.25,19
1758,325,191,1.25,6
1759,325,195,1.25,6
1760,325,199,0.75,15
1761,326,205,0.75,3
1764,326,223,0.99,3
1766,326,235,0.99,15
1768,326,247,0.75,17
1769,326,253,0.75,1
1770,327,262,1.25,9
1771,327,271,0.99,18
1773,327,289,0.99,7
1775,327,307,1.25,6
1777,327,325,0.99,6
1778,327,334,0.99,19
1779,327,343,0.99,17
1780,327,352,1.25,1
1781,327,361,1.25,10
1782,327,370,1.25,6
1783,327,379,0.75,15
1786,329,395,0.75,7
1787,330,397,0.99,14
1788,330,399,0.99,19
1789,331,401,0.75,17
1791,331,405,1.25,1
1793,332,411,0.99,5
1794,332,415,0.99,3
1795,332,419,0.75,10
1796,332,423,0.75,12
1797,332,427,1.25,4
1798,332,431,0.75,11
1799,333,437,0.75,8
1802,333,455,0.99,15
1804,333,467,0.99,17
1806,333,479,1.25,19
1807,333,485,0.75,18
1808,334,494,0.99,5
1809,334,503,0.99,4
1811,334,521,0.75,6
1813,334,539,1.25,11
1815,334,557,1.25,13
1816,334,566,0.99,10
1817,334,575,1.25,3
1818,334,584,1.25,4
1819,334,593,0.75,3
1820,334,602,0.99,9
1821,334,611,1.25,7
1824,336,627,1.25,7
1825,337,629,0.99,12
1826,337,631,0.75,16
1827,338,633,0.99,5
1829,338,637,0.75,5
1831,339,643,1.25,12
1832,339,647,0.75,5
1833,339,651,1.25,16
1834,339,655,0.75,2
1835,339,659,1.25,13
1836,339,663,0.75,2
1837,340,669,0.99,9
1840,340,687,1.25,17
1842,340,699,0.99,15
1844,340,711,0.75,13
1845,340,717,0.75,10
1846,341,726,0.75,6
1847,341,735,0.99,3
1849,341,753,0.75,11
1851,341,771,0.99,6
1853,341,789,1.25,3
1854,341,798,1.25,10
1855,341,807,1.25,5
1856,341,816,0.99,14
1857,341,825,0.75,1
1858,341,834,0.75,4
1859,341,843,0.99,5
1862,343,859,1.25,17
1863,344,861,0.99,15
1864,344,863,0.99,3
1865,345,865,1.25,18
1867,345,869,0.75,1
1869,346,875,0.99,2
1870,346,879,1.25,4
1871,346,883,0.75,16
1872,346,887,1.25,18
1873,346,891,1.25,10
1874,346,895,1.25,13
1875,347,901,0.99,18
1878,347,919,0.99,18
1880,347,931,1.25,16
1882,347,943,1.25,19
1883,347,949,1.25,17
1884,348,958,0.75,3
1885,348,967,0.99,19
1887,348,985,0.99,7
1889,348,1003,0.75,2
1891,348,1021,0.75,10
1892,348,1030,1.25,3
1893,348,1039,0.99,19
1894,348,1048,0.75,6
1895,348,1057,0.99,19
1896,348,1066,0.99,19
1897,348,1075,0.99,5
1900,350,1091,1.25,6
1901,351,1093,0.99,2
1902,351,1095,0.75,18
1903,352,1097,0.75,13
1905,352,1101,1.25,1
1907,353,1107,0.99,13
1908,353,1111,1.25,9
1909,353,1115,1.25,17
1910,353,1119,1.25,7
1911,353,1123,0.75,12
1912,353,1127,0.75,10
1913,354,1133,0.99,15
1916,354,1151,0.75,12
1918,354,1163,0.99,3
1920,354,1175,0.99,9
1921,354,1181,0.75,6
1922,355,1190,0.75,8
1923,355,1199,0.75,11
1925,355,1217,0.99,14
1927,355,1235,0.75,15
1929,355,1253,0.75,15
1930,355,1262,0.99,5
1931,355,1271,0.99,4
1932,355,1280,0.75,13
1933,355,1289,0.99,3
1934,355,1298,1.25,9
1935,355,1307,0.75,9
1938,357,1323,0.75,8
1939,358,1325,0.99,18
1940,358,1327,0.99,19
1941,359,1329,0.75,7
1943,359,1333,1.25,5
1945,360,1339,0.75,19
1946,360,1343,0.75,9
1947,360,1347,0.99,5
1948,360,1351,1.25,8
1949,360,1355,1.25,10
1950,360,1359,0.99,14
1951,361,1365,1.25,9
1954,361,1383,0.75,5
1956,361,1395,0.75,2
1958,361,1407,1.25,15
1959,361,1413,0.99,15
1960,362,1422,0.99,15
1961,362,1431,0.75,8
1963,362,1449,1.25,14
1965,362,1467,1.25,7
1967,362,1485,1.25,15
1968,362,1494,0.99,13
1969,362,1503,0.99,18
1970,362,1512,1.25,14
1971,362,1521,0.99,13
1972,362,1530,0.99,14
1973,362,1539,0.99,18
1976,364,1555,0.75,14
1977,365,1557,0.75,18
1978,365,1559,1.25,1
1979,366,1561,0.75,15
1981,366,1565,0.75,19
1983,367,1571,0.75,12
1984,367,1575,0.99,8
1985,367,1579,0.99,7
1986,367,1583,1.25,11
1987,367,1587,1.25,5
1988,367,1591,1.25,17
1989,368,1597,0.99,8
1992,368,1615,0.75,10
1994,368,1627,0.99,8
1996,368,1639,0.99,13
1997,368,1645,1.25,2
1998,369,1654,0.99,8
1999,369,1663,1.25,3
2001,369,1681,1.25,1
2003,369,1699,1.25,4
2005,369,1717,0.75,18
2006,369,1726,0.99,12
2007,369,1735,0.99,8
2008,369,1744,0.99,4
2009,369,1753,0.99,16
2010,369,1762,0.75,8
2011,369,1771,0.75,16
2014,371,1787,1.25,10
2015,372,1789,0.75,15
2016,372,1791,0.99,2
2017,373,1793,1.25,14
2019,373,1797,0.99,4
2021,374,1803,0.99,9
2022,374,1807,1.25,15
2023,374,1811,0.99,17
2024,374,1815,0.75,16
2025,374,1819,1.25,5
2026,374,1823,0.75,13
2027,375,1829,0.99,14
2030,375,1847,0.75,4
2032,375,1859,0.75,1
2034,375,1871,1.25,11
2035,375,1877,1.25,8
2036,376,1886,1.25,12
2037,376,1895,1.25,10
2039,376,1913,0.99,8
2041,376,1931,1.25,3
2043,376,1949,0.99,8
2044,376,1958,0.99,15
2045,376,1967,0.99,14
2046,376,1976,0.75,2
2047,376,1985,0.75,19
2048,376,1994,1.25,18
2049,376,2003,0.99,12
2052,378,2019,0.75,3
2053,379,2021,1.25,4
2054,379,2023,0.99,11
2055,380,2025,0.99,13
2057,380,2029,0.99,7
2059,381,2035,0.75,2
2060,381,2039,1.25,10
2061,381,2043,0.75,12
2062,381,2047,1.25,2
2063,381,2051,0.75,10
2064,381,2055,1.25,18
2065,382,2061,0.99,17
2068,382,2079,0.99,1
2070,382,2091,0.75,8
2072,382,2103,0.99,16
2073,382,2109,1.25,14
2074,383,2118,1.25,17
2075,383,2127,0.99,2
2077,383,2145,0.75,5
2079,383,2163,0.99,9
2081,383,2181,1.25,9
2082,383,2190,0.75,4
2083,383,2199,0.99,15
2084,383,2208,1.25,4
2085,383,2217,0.99,19
2086,383,2226,0.75,17
2087,383,2235,1.25,4
2090,385,2251,0.75,11
2091,386,2253,0.99,19
2092,386,2255,1.25,3
2093,387,2257,1.25,16
2095,387,2261,0.75,12
2097,388,2267,1.25,2
2098,388,2271,1.25,1
2099,388,2275,0.99,14
2100,388,2279,0.99,18
2101,388,2283,0.99,19
2102,388,2287,0.99,13
2103,389,2293,1.25,8
2106,389,2311,0.99,6
2108,389,2323,1.25,9
2110,389,2335,1.25,12
2111,389,2341,0.99,12
2112,390,2350,0.75,13
2113,390,2359,0.75,9
2115,390,2377,0.99,18
2117,390,2395,0.75,16
2119,390,2413,1.25,1
2120,390,2422,0.99,10
2121,390,2431,1.25,9
2122,390,2440,1.25,3
2123,390,2449,1.25,19
2124,390,2458,1.25,4
2125,390,2467,0.75,6
2128,392,2483,1.25,16
2129,393,2485,0.75,4
2130,393,2487,1.25,3
2131,394,2489,1.25,18
2133,394,2493,0.75,11
2135,395,2499,1.25,11
2136,395,2503,1.25,3
2137,395,2507,0.99,15
2138,395,2511,0.99,12
2139,395,2515,0.99,13
2140,395,2519,0.99,4
2141,396,2525,1.25,11
2144,396,2543,0.99,13
2146,396,2555,0.75,10
2148,396,2567,1.25,17
2149,396,2573,0.99,11
2150,397,2582,0.75,4
2151,397,2591,0.99,3
2153,397,2609,1.25,7
2155,397,2627,0.99,6
2157,397,2645,1.25,8
2158,397,2654,0.75,10
2159,397,2663,1.25,15
2160,397,2672,0.75,16
2161,397,2681,0.99,8
2162,397,2690,0.75,2
2163,397,2699,0.75,2
2166,399,2715,0.99,16
2167,400,2717,1.25,18
2168,400,2719,0.99,2
2169,401,2721,0.99,16
2171,401,2725,0.75,3
2173,402,2731,1.25,4
2174,402,2735,0.99,7
2175,402,2739,0.75,18
2176,402,2743,0.75,18
2177,402,2747,1.25,13
2178,402,2751,1.25,12
2179,403,2757,1.25,14
2182,403,2775,0.75,8
2184,403,2787,1.25,4
2186,403,2799,0.99,9
2187,403,2805,1.25,10
2188,404,2814,0.75,11
2189,404,2823,1.25,15
2191,404,2841,0.75,9
2193,404,2859,1.25,6
2195,404,2877,1.25,14
2196,404,2886,0.99,8
2197,404,2895,0.75,11
2198,404,2904,0.75,4
2199,404,2913,1.25,14
2200,404,2922,1.25,14
2201,404,2931,1.25,10
2204,406,2947,0.75,9
2205,407,2949,0.75,18
2206,407,2951,1.25,1
2207,408,2953,0.75,8
2209,408,2957,0.75,18
2211,409,2963,1.25,15
2212,409,2967,0.99,7
2213,409,2971,1.25,1
2214,409,2975,1.25,8
2215,409,2979,1.25,1
2216,409,2983,1.25,6
2217,410,2989,0.99,3
2220,410,3007,0.75,19
2222,410,3019,0.75,14
2224,410,3031,0.75,8
2225,410,3037,0.99,7
2226,411,3046,1.25,1
2227,411,3055,0.75,18
2229,411,3073,0.99,11
2231,411,3091,0.99,6
2233,411,3109,1.25,9
2234,411,3118,0.99,9
2235,411,3127,1.25,5
2236,411,3136,0.99,4
2237,411,3145,1.25,4
2238,411,3154,0.99,17
2239,411,3163,1.25,16
